{
  "location_analysis": {
    "potential_monthly_revenue": 13902396.39389355,
    "recommendation_score": 80,
    "recommendations": [
      "Хорошая локация. Рекомендуем оптимизировать ассортимент под целевую аудиторию",
      "Высокая конкуренция в районе. Сфокусируйтесь на уникальных преимуществах"
    ],
    "confidence": 0.703817000427808
  },
  "demand_forecast": {
    "category": "electronics",
    "region": "REG_MSK",
    "forecast_period": "3 месяцев",
    "forecasts": [
      {
        "date": "2025-12",
        "month_name": "December 2025",
        "predicted_volume": 168191383.25175586,
        "lower_bound": 54888332.030972116,
        "upper_bound": 276055081.57550436,
        "confidence": 0.95
      },
      {
        "date": "2026-01",
        "month_name": "January 2026",
        "predicted_volume": 169778232.27004364,
        "lower_bound": 63476995.31115767,
        "upper_bound": 285339811.0304523,
        "confidence": 0.95
      },
      {
        "date": "2026-02",
        "month_name": "February 2026",
        "predicted_volume": 162862282.31687936,
        "lower_bound": 52019952.486685805,
        "upper_bound": 273592940.7941094,
        "confidence": 0.95
      }
    ],
    "category_insights": {
      "avg_volume": 198878715.802,
      "growth_rate": 0.09965000000000002,
      "volatility": 0.29322471082107804
    },
    "recommendations": [
      "🎄 Предновогодний спрос. Подготовьте дополнительные запасы и персонал"
    ]
  },
  "client_segmentation": {
    "segment_id": 2,
    "segment_name": "medium_value_growing",
    "segment_description": "Низкая активность, риск оттока - требуют внимания",
    "recommendations": [
      "Проведите опрос удовлетворенности клиентов",
      "Предложите специальные условия для возврата активности",
      "Проанализируйте причины снижения активности"
    ],
    "confidence": 0.88,
    "key_metrics": {
      "monetary_potential": 5000000,
      "loyalty_level": "средний"
    }
  }
}